level,fullTitleVi,fullTitleEn,2017_5,2018_5,2019_5,2020_5,2021_5,2022_5,2023_5,2024_5
1,Chứng khoán kinh doanh,Trading securities,6758094000000.0,7572229000000.0,10041556000000.0,8347576000000.0,5070812000000.0,961034000000.0,4432778000000.0,9000644000000.0
2,Chứng khoán nợ,Debt Securities,6775118000000.0,7583090000000.0,10052963000000.0,8357447000000.0,5074479000000.0,961034000000.0,4432778000000.0,8984049000000.0
2,Trái phiếu chính phủ,Government Bonds,3822161000000.0,3723271000000.0,6688778000000.0,4035936000000.0,2841047000000.0,961034000000.0,301416000000.0,104940000000.0
2,Trái phiếu chính phủ bảo lãnh,Government Guaranteed bonds,116614000000.0,1711904000000.0,185821000000.0,128615000000.0,0.0,0.0,0.0,0.0
2,Trái phiếu do các TCTD khác trong nước phát hành,Securities issued by other local credit institutions,0.0,1012915000000.0,3178364000000.0,4192896000000.0,2233432000000.0,0.0,4131362000000.0,8879109000000.0
2,Trái phiếu do các TCKT trong nước phát hành,Securities issued by other local economic entities,2836343000000.0,1135000000000.0,0.0,0.0,0.0,0.0,0.0,0.0
2,Chứng khoán Nợ nước ngoài,Foreign Debt Securities,0.0,0.0,0.0,0.0,0.0,0.0,0.0,0.0
2,Chứng khoán vốn,Equity Securities,0.0,0.0,0.0,0.0,0.0,0.0,0.0,16846000000.0
2,Chứng khoán Vốn do các TCTD khác phát hành,Equity Securities issued by other local credit institutions,0.0,0.0,0.0,0.0,0.0,0.0,0.0,7264000000.0
2,Chứng khoán Vốn do các TCKT trong nước phát hành,Equity Securities issued by other local economic entities,0.0,0.0,0.0,0.0,0.0,0.0,0.0,9582000000.0
2,Chứng khoán Vốn nước ngoài,Foreign Equity Securities,0.0,0.0,0.0,0.0,0.0,0.0,0.0,0.0
2,Chứng khoán kinh doanh khác,Other trading securities,0.0,0.0,0.0,0.0,0.0,0.0,0.0,0.0
2,Dự phòng rủi ro chứng khoán kinh doanh,Allowances for trading securities,-17024000000.0,-10861000000.0,-11407000000.0,-9871000000.0,-3667000000.0,0.0,0.0,-251000000.0
2,Dự phòng giảm giá,Allowances for decline in value of trading securities,-2778000000.0,-317000000.0,-3223000000.0,-9871000000.0,-3667000000.0,0.0,0.0,-251000000.0
2,Dự phòng chung,General allowance,-14246000000.0,-10544000000.0,-8184000000.0,0.0,0.0,0.0,0.0,0.0
2,Dự phòng cụ thể,Specific allowance,0.0,0.0,0.0,0.0,0.0,0.0,0.0,0.0
2,Tình trạng niêm yết của các chứng khoán kinh doanh,Listing status of trading securities,6775118000000.0,7583090000000.0,10052963000000.0,8357447000000.0,5074479000000.0,961034000000.0,4432778000000.0,9000895000000.0
2,Chứng khoán nợ,Debt Securities,6775118000000.0,7583090000000.0,10052963000000.0,8357447000000.0,5074479000000.0,961034000000.0,4432778000000.0,8984049000000.0
2,Đã niêm yết,Listed,4176174000000.0,5435175000000.0,6874599000000.0,4164551000000.0,2841047000000.0,961034000000.0,301416000000.0,104940000000.0
2,Chưa niêm yết,Unlisted,2598944000000.0,2147915000000.0,3178364000000.0,4192896000000.0,2233432000000.0,0.0,4131362000000.0,8879109000000.0
2,Chứng khoán vốn,Equity Securities,0.0,0.0,0.0,0.0,0.0,0.0,0.0,16846000000.0
2,Đã niêm yết,Listed,0.0,0.0,0.0,0.0,0.0,0.0,0.0,16846000000.0
2,Chưa niêm yết,Unlisted,0.0,0.0,0.0,0.0,0.0,0.0,0.0,0.0
2,Chứng khoán kinh doanh khác,Other trading securities,0.0,0.0,0.0,0.0,0.0,0.0,0.0,0.0
2,Đã niêm yết,Listed,0.0,0.0,0.0,0.0,0.0,0.0,0.0,0.0
2,Chưa niêm yết,Unlisted,0.0,0.0,0.0,0.0,0.0,0.0,0.0,0.0
1,Các khoản cho vay phân theo đối tượng khách hàng,Loans and advances by type of customers,160849037000000.0,159939217000000.0,230802027000000.0,277524615000000.0,347341244000000.0,420523705000000.0,518641568000000.0,631724964000000.0
2,"Cho vay các tổ chức kinh tế, cá nhân trong nước",Domestic Businesses and Individuals,158497737000000.0,158971627000000.0,229188137000000.0,275594164000000.0,340602400000000.0,403202460000000.0,492615545000000.0,595176845000000.0
2,Chiết khấu thương phiếu và giấy tờ có giá,Discounted Notes and valuable papers,1983527000000.0,361280000000.0,1265636000000.0,1815974000000.0,6696171000000.0,7930134000000.0,9302275000000.0,10523985000000.0
2,Cho thuê tài chính,Finance lease,0.0,0.0,0.0,0.0,0.0,0.0,0.0,0.0
2,Các khoản trả thay khách hàng,Payment on behalf of customers,2166000000.0,94473000000.0,93575000000.0,0.0,1416000000.0,19625000000.0,98422000000.0,108263000000.0
2,"Cho vay bằng vốn tài trợ, uỷ thác đầu tư","Loans funded by Gov and Int""l institutions",358449000000.0,472609000000.0,254269000000.0,113310000000.0,41257000000.0,8042000000.0,364000000.0,97000000.0
2,"Cho vay đối với các tổ chức, cá nhân nước ngoài",Loans to foreign businesses and individuals,7158000000.0,39228000000.0,410000000.0,1167000000.0,0.0,8840000000.0,5795000000.0,4528000000.0
2,Cho vay theo chỉ định của Chính phủ,Loans instructed by the Gov,0.0,0.0,0.0,0.0,0.0,0.0,0.0,0.0
2,Nợ cho vay được khoanh và nợ chờ xử lý,Frozen and awaiting resolution loans,0.0,0.0,0.0,0.0,0.0,0.0,0.0,0.0
2,Các khoản cho vay khác,Other loans,0.0,0.0,0.0,0.0,0.0,9354604000000.0,16619167000000.0,25911246000000.0
1,Các khoản cho vay phân theo ngành,Loans and advances by Industry,160849037000000.0,159939217000000.0,230802027000000.0,277524615000000.0,347341244000000.0,420523705000000.0,518641568000000.0,631724964000000.0
2,Thương mại,Trading,14726910000000.0,21171980000000.0,27075217000000.0,29247061000000.0,34711867000000.0,34129848000000.0,44842420000000.0,54777567000000.0
2,Nông nghiệp và lâm nghiệp,Agriculture and forestry,301494000000.0,260998000000.0,16855000000.0,240565000000.0,911643000000.0,2095342000000.0,2908684000000.0,4324232000000.0
2,Sản xuất,Manufacturing,23289817000000.0,23099727000000.0,24739826000000.0,24119477000000.0,35099837000000.0,33438679000000.0,47631732000000.0,62617462000000.0
2,"Công nghiệp chế biến, chế tạo",Manufacturing and processing,20070075000000.0,19076386000000.0,20431391000000.0,19732665000000.0,28719033000000.0,28006736000000.0,42054340000000.0,58465029000000.0
2,"Sản xuất và phân phối điện, khí đốt và nước nóng, hơi nước và điều hòa không khí","Electricity, fuel and hot water generation and distribution",1858933000000.0,2409681000000.0,2858783000000.0,3100097000000.0,4590745000000.0,3951228000000.0,3794489000000.0,2017000000000.0
2,"Cung cấp nước, quản lý và xử lý rác thải, nước thải","Water supply, waste and wastewater treatments",88955000000.0,23526000000.0,31413000000.0,43775000000.0,69892000000.0,28872000000.0,31580000000.0,52607000000.0
2,Khai khoáng,Mining,1271854000000.0,1590134000000.0,1418239000000.0,1242940000000.0,1720167000000.0,1451843000000.0,1751323000000.0,2082826000000.0
2,Xây dựng,Construction,6100546000000.0,8095573000000.0,6957444000000.0,9135831000000.0,13055747000000.0,12093130000000.0,11876937000000.0,17442917000000.0
2,Dịch vụ cộng đồng và cá nhân,Personal and public services,11272702000000.0,7029164000000.0,8893899000000.0,463821000000.0,962913000000.0,619972000000.0,1549820000000.0,4880157000000.0
2,Hoạt động phục vụ cá nhân và cộng đồng,Personal and commodity activities,0.0,0.0,0.0,0.0,0.0,0.0,0.0,0.0
2,Hoạt động các tổ chức và đoàn thể quốc tế,International organization activities,0.0,0.0,0.0,0.0,0.0,0.0,0.0,0.0
2,Y tế và hoạt động cứu trợ xã hội,Healthcare and social work,84188000000.0,37304000000.0,29948000000.0,39231000000.0,250411000000.0,48332000000.0,9012000000.0,761399000000.0
2,"Nghệ thuật, vui chơi, giải trí",Arts and Entertainment,15818000000.0,127065000000.0,62876000000.0,1056000000.0,21075000000.0,8984000000.0,834835000000.0,3162625000000.0
2,Hoạt động hành chính và các dịch vụ hỗ trợ,Administration activities and supportive services,1868575000000.0,201007000000.0,800483000000.0,322874000000.0,293411000000.0,448661000000.0,538943000000.0,879171000000.0
2,"Hoạt động của Đảng, tổ chức chính trị xã hội, quản lý nhà nước, an ninh quốc phòng, bảo đảm XH bắt buộc","Party, Unions, compulsory social security",0.0,0.0,1178000000.0,0.0,0.0,0.0,0.0,0.0
2,"Hoạt động làm thuê các công việc trong các hộ gia đình, sản xuất vật chất và dịch vụ tự tiêu dùng của hộ gia đình",Household supporting activities,36461000000.0,95172000000.0,184851000000.0,0.0,0.0,0.0,0.0,0.0
2,Hoạt động dịch vụ khác,Other services,9267660000000.0,6568616000000.0,7814563000000.0,100660000000.0,398016000000.0,113995000000.0,167030000000.0,76962000000.0
2,"Kho bãi, vận tải, viễn thông","Warehousing, transportation and communication",4338367000000.0,3000572000000.0,3825153000000.0,3386328000000.0,3052918000000.0,1879598000000.0,8651292000000.0,6822028000000.0
2,"Vận tải, kho bãi",Transport and warehouse,3257263000000.0,2853511000000.0,2822942000000.0,2700900000000.0,2372041000000.0,1516639000000.0,7867107000000.0,6213823000000.0
2,Thông tin và truyền thông,Information and communications,1081104000000.0,147061000000.0,1002211000000.0,685428000000.0,680877000000.0,362959000000.0,784185000000.0,608205000000.0
2,Giáo dục và đào tạo,Training and education,839567000000.0,946351000000.0,1085871000000.0,442261000000.0,531953000000.0,363516000000.0,636720000000.0,10997805000000.0
2,Giáo dục và đào tạo,Education and training,71687000000.0,154973000000.0,242994000000.0,186103000000.0,181274000000.0,104111000000.0,129156000000.0,160204000000.0
2,"Hoạt động chuyên môn, khoa học và công nghệ","Profession, science and technology",767880000000.0,791378000000.0,842877000000.0,256158000000.0,350679000000.0,259405000000.0,507564000000.0,10837601000000.0
2,Bất động sản và tư vấn,Estate agents and consultants,20326233000000.0,13554781000000.0,50421549000000.0,91360789000000.0,95912748000000.0,108805146000000.0,176803981000000.0,187100081000000.0
2,Khách sạn và nhà hàng,Hotels and restaurants,5571892000000.0,927745000000.0,1876083000000.0,194360000000.0,180356000000.0,245674000000.0,1293097000000.0,1068294000000.0
2,Dịch vụ tài chính,Financial services,9304078000000.0,9468647000000.0,662780000000.0,7794676000000.0,1264161000000.0,45852000000.0,966379000000.0,9377851000000.0
2,Các ngành khác,Others,64777431000000.0,72383679000000.0,105247350000000.0,111139446000000.0,161657101000000.0,226806948000000.0,221480506000000.0,272316570000000.0
1,Các khoản cho vay phân theo chất lượng nợ vay,Loans and advances by Grading,160849037000000.0,159939217000000.0,230802027000000.0,277524615000000.0,347341244000000.0,420523705000000.0,518641568000000.0,631724964000000.0
2,Nợ đủ tiêu chuẩn,Current,155931825000000.0,154548122000000.0,225601458000000.0,274423557000000.0,342902534000000.0,408757966000000.0,508203471000000.0,620183253000000.0
2,Nợ cần chú ý,Special Mentioned,2333286000000.0,2587646000000.0,2122693000000.0,1805866000000.0,2144836000000.0,8733124000000.0,4438954000000.0,4440911000000.0
2,Nợ dưới tiêu chuẩn,Substandard,575397000000.0,237758000000.0,218128000000.0,416892000000.0,678516000000.0,901592000000.0,1856801000000.0,1365655000000.0
2,Nợ nghi ngờ,Doubtful,455567000000.0,862510000000.0,305230000000.0,533944000000.0,860243000000.0,1131097000000.0,2762221000000.0,2465618000000.0
2,Nợ xấu có khả năng mất vốn,Bad,1552962000000.0,1703181000000.0,2554518000000.0,344356000000.0,755115000000.0,999926000000.0,1380121000000.0,3269527000000.0
1,Các khoản cho vay phân theo thời gian,Loans and advances by Maturity,160849037000000.0,159939217000000.0,230802027000000.0,277524615000000.0,347341244000000.0,420523705000000.0,518641568000000.0,631724964000000.0
2,Cho vay ngắn hạn,Short term loans,63412628000000.0,60381950000000.0,85584018000000.0,92424839000000.0,114637983000000.0,142211821000000.0,187102949000000.0,237697354000000.0
2,Cho vay trung hạn,Medium term loans,42896541000000.0,36774904000000.0,47443165000000.0,85255104000000.0,93573522000000.0,79300508000000.0,118208799000000.0,85211565000000.0
2,Cho vay dài hạn,Long term loans,54539868000000.0,62782363000000.0,97774844000000.0,99844672000000.0,139129739000000.0,199011376000000.0,213329820000000.0,308816045000000.0
1,Các khoản cho vay phân theo tiền tệ,Loans and advances by Currency,160849037000000.0,159939217000000.0,230802027000000.0,277524615000000.0,347341244000000.0,420523705000000.0,518641568000000.0,631724964000000.0
2,VNĐ,Denominated in VND,152379665000000.0,150586487000000.0,218889092000000.0,259098646000000.0,328915275000000.0,405327627000000.0,499420547000000.0,605064465000000.0
2,Ngoại tệ và vàng,Denominated in FC and gold,8469372000000.0,9352730000000.0,11912935000000.0,18425969000000.0,18425969000000.0,15196078000000.0,19221021000000.0,26660499000000.0
1,Các khoản cho vay phân theo vị trí địa lý,Loans and advances by Geography,0.0,0.0,0.0,0.0,0.0,0.0,0.0,0.0
2,TP Hồ Chí Minh,HCM city,0.0,0.0,0.0,0.0,0.0,0.0,0.0,0.0
2,Hà Nội,Hanoi,0.0,0.0,0.0,0.0,0.0,0.0,0.0,0.0
2,Đồng bằng sông Cửu Long,Mekong Delta,0.0,0.0,0.0,0.0,0.0,0.0,0.0,0.0
2,Miền trung,Central,0.0,0.0,0.0,0.0,0.0,0.0,0.0,0.0
2,Khác,Others,0.0,0.0,0.0,0.0,0.0,0.0,0.0,0.0
1,Các khoản cho vay phân theo nhóm khách hàng,Loans and advances by types of customers,160849037000000.0,159939217000000.0,230802027000000.0,277524615000000.0,347341244000000.0,420523705000000.0,518641568000000.0,631724964000000.0
2,Doanh nghiệp nhà nước,State-owned companies,8881197000000.0,6978572000000.0,5864415000000.0,6188601000000.0,4868545000000.0,4566964000000.0,2054681000000.0,1527505000000.0
2,Công ty TNHH và cổ phần,Limited and joint stock Companies,83821259000000.0,77809083000000.0,116766713000000.0,158301254000000.0,178500192000000.0,187724392000000.0,290539777000000.0,345650911000000.0
2,Doanh nghiệp nước ngoài,Foreign companies,2076046000000.0,2039895000000.0,2104387000000.0,1345667000000.0,1949719000000.0,1208940000000.0,4387486000000.0,12167778000000.0
2,Hợp tác xã và công ty tư nhân,Local and private companies,472129000000.0,347874000000.0,479724000000.0,275967000000.0,362164000000.0,158070000000.0,178696000000.0,62200000000.0
2,Cá nhân,Individuals,64777431000000.0,72383679000000.0,105247350000000.0,111139446000000.0,161657101000000.0,217452344000000.0,204861339000000.0,246405324000000.0
2,Khác,Others,820975000000.0,380114000000.0,339438000000.0,273680000000.0,3523000000.0,9412995000000.0,16619589000000.0,25911246000000.0
1,Chứng khoán đầu tư,Investment Securities,51542484000000.0,86512348000000.0,66054597000000.0,84447241000000.0,97586088000000.0,103651920000000.0,104993945000000.0,148623636000000.0
2,Chứng khoán đầu tư sẵn sàng để bán,Available-for-sale Investment Securities,45861547000000.0,66435570000000.0,65916341000000.0,84248741000000.0,97577461000000.0,103651920000000.0,104993945000000.0,141764136000000.0
2,Chứng khoán Nợ,Debt Securities,45798398000000.0,66625257000000.0,65503185000000.0,84177005000000.0,97435523000000.0,102946394000000.0,104222477000000.0,141070873000000.0
2,Trái phiếu Chính phủ,Government Bonds,13048507000000.0,8793593000000.0,14807620000000.0,17367757000000.0,14437924000000.0,37868964000000.0,21395567000000.0,42886656000000.0
2,Trái phiếu do chính phủ bảo lãnh,Government Guaranteed bonds,12459709000000.0,11114162000000.0,12313699000000.0,9568061000000.0,4583639000000.0,3881081000000.0,7509265000000.0,5471871000000.0
2,Trái phiếu do các TCTD khác trong nước phát hành,Securities issued by other local credit institutions,4550570000000.0,8402626000000.0,7985625000000.0,10712533000000.0,15805167000000.0,20181527000000.0,32888990000000.0,46889382000000.0
2,Trái phiếu do các TCKT trong nước phát hành,Securities issued by other local economic entities,15739612000000.0,38314876000000.0,30396241000000.0,46528654000000.0,62608793000000.0,41014822000000.0,42428655000000.0,45822964000000.0
2,Chứng khoán Nợ nước ngoài,Foreign Equity Securities,0.0,0.0,0.0,0.0,0.0,0.0,0.0,0.0
2,Chứng khoán Vốn,Equity Securities,220000000000.0,4000000.0,655524000000.0,455947000000.0,656539000000.0,1085527000000.0,1133771000000.0,1131919000000.0
2,Chứng khoán Vốn do các TCTD khác trong nước phát hành,Equity Securities issued by other local credit institutions,0.0,0.0,200000000000.0,0.0,0.0,0.0,498245000000.0,1126377000000.0
2,Chứng khoán Vốn do các TCKT trong nước phát hành,Equity Securities issued by other local economic entities,220000000000.0,4000000.0,455524000000.0,455947000000.0,656539000000.0,1085527000000.0,635526000000.0,5542000000.0
2,Chứng khoán Vốn nước ngoài,Foreign Equity Securities,0.0,0.0,0.0,0.0,0.0,0.0,0.0,0.0
2,Dự phòng rủi ro chứng khoán sẵn sàng để bán,Allowances for Available-for-sale Securities,-156851000000.0,-189691000000.0,-242368000000.0,-384211000000.0,-514601000000.0,-380001000000.0,-362303000000.0,-438656000000.0
2,Dự phòng giảm giá,Allowances for decline in value of Available-for-sale Securities,-15816000000.0,-3797000000.0,-2183000000.0,-12145000000.0,-21575000000.0,-43713000000.0,-45204000000.0,-23939000000.0
2,Dự phòng chung,General allowance,-141035000000.0,-185894000000.0,-240185000000.0,-372066000000.0,-456507000000.0,-291944000000.0,-301059000000.0,-334518000000.0
2,Dự phòng cụ thể,Specific allowance,0.0,0.0,0.0,0.0,-36519000000.0,-44344000000.0,-16040000000.0,-80199000000.0
2,Chứng khoán đầu tư giữ đến ngày đáo hạn,Held-to-maturity investment securities,5680937000000.0,20076778000000.0,138256000000.0,198500000000.0,8627000000.0,0.0,0.0,6859500000000.0
2,Chứng khoán nợ,Debt Securities,5715484000000.0,20236200000000.0,202006000000.0,200000000000.0,200000000000.0,0.0,0.0,6900000000000.0
2,Trái phiếu Chính phủ,Government Bonds,569283000000.0,0.0,0.0,0.0,0.0,0.0,0.0,0.0
2,Trái phiếu do chính phủ bảo lãnh,Government Guaranteed bonds,30001000000.0,30000000000.0,0.0,0.0,0.0,0.0,0.0,0.0
2,Trái phiếu do các TCTD khác trong nước phát hành,Debt Securities issued by other local credit institutions,2000000000000.0,0.0,0.0,0.0,0.0,0.0,0.0,1500000000000.0
2,Trái phiếu do các TCKT trong nước phát hành,Debt Securities issued by other local economic entities,3116200000000.0,20206200000000.0,202006000000.0,200000000000.0,200000000000.0,0.0,0.0,5400000000000.0
2,Chứng khoán Nợ nước ngoài,Foreign Equity Securities,0.0,0.0,0.0,0.0,0.0,0.0,0.0,0.0
2,Trái phiếu đặc biệt do VAMC phát hành,Special Bonds issued by VAMC,0.0,0.0,0.0,0.0,0.0,0.0,0.0,0.0
2,Dự phòng rủi ro chứng khoán đầu tư giữ đến ngày đáo hạn,Allowances for Held-to-maturity investment securities,-34547000000.0,-159422000000.0,-63750000000.0,-1500000000.0,-191373000000.0,0.0,0.0,-40500000000.0
2,Dự phòng giảm giá,Allowances for decline in value of Held-to-maturity investment securities,0.0,0.0,0.0,0.0,0.0,0.0,0.0,0.0
2,Dự phòng chung,General allowance,-34547000000.0,-159422000000.0,-63750000000.0,-1500000000.0,0.0,0.0,0.0,-40500000000.0
2,Dự phòng cụ thể,Specific allowance,0.0,0.0,0.0,0.0,-191373000000.0,0.0,0.0,0.0
2,Dự phòng trái phiếu đặc biệt,Allowances for Special Bonds,0.0,0.0,0.0,0.0,0.0,0.0,0.0,0.0
1,Các khoản tiền gửi phân theo loại tiền gửi,Deposits by type of deposits,170970833000000.0,201414532000000.0,231296761000000.0,277458651000000.0,314752525000000.0,358403785000000.0,454660779000000.0,533392350000000.0
2,Tiền gửi không kỳ hạn,Current Deposits,38234560000000.0,54612613000000.0,76053396000000.0,122972489000000.0,147861145000000.0,123079324000000.0,172755713000000.0,191719796000000.0
2,Tiền gửi có kỳ hạn,Term Deposits,129727778000000.0,143613379000000.0,151581145000000.0,149420224000000.0,155894254000000.0,225941947000000.0,273186988000000.0,334149944000000.0
2,Tiền gửi tiết kiệm,Saving deposits,0.0,0.0,0.0,0.0,0.0,0.0,0.0,0.0
2,Tiền gửi ký quỹ,Margin deposits,3008495000000.0,3188540000000.0,3662220000000.0,5065938000000.0,10997126000000.0,9382514000000.0,8718078000000.0,7522610000000.0
2,Tiền gửi cho những mục đích riêng biệt,Deposits for special purposes,0.0,0.0,0.0,0.0,0.0,0.0,0.0,0.0
1,Các khoản tiền gửi phân theo loại tiền tệ,Deposits by Currency,170970833000000.0,201414532000000.0,231296761000000.0,277458651000000.0,314752525000000.0,358403785000000.0,454660779000000.0,533392350000000.0
2,VNĐ,Denominated in VND,158899118000000.0,187841737000000.0,219448924000000.0,265502586000000.0,302796460000000.0,345100082000000.0,440712506000000.0,513199928000000.0
2,Ngoại tệ,Denominated in FC,12071715000000.0,13572795000000.0,11847837000000.0,11956065000000.0,11956065000000.0,13303703000000.0,13948273000000.0,20192422000000.0
1,Các khoản tiền gửi phân theo nhóm khách hàng,Deposits by type of customers,170970833000000.0,201414532000000.0,231296761000000.0,277458651000000.0,314752525000000.0,358403785000000.0,454660779000000.0,533392350000000.0
2,Doanh nghiệp nhà nước,State-owned companies,2790457000000.0,3846275000000.0,5811060000000.0,4784264000000.0,4078885000000.0,15487163000000.0,11644156000000.0,13069034000000.0
2,Doanh nghiệp tư nhân,Local and private companies,99386000000.0,54135000000.0,62483000000.0,194889000000.0,147299000000.0,144372000000.0,56459000000.0,304209000000.0
2,Doanh nghiệp nước ngoài,Foreign companies,2683171000000.0,2898416000000.0,3746288000000.0,4249447000000.0,4779856000000.0,4414566000000.0,9277941000000.0,10105732000000.0
2,Cá nhân,Individuals,121043844000000.0,142056460000000.0,167211978000000.0,195639720000000.0,220078834000000.0,243993976000000.0,304685334000000.0,359459676000000.0
2,Thu nhập lãi và các khoản Thu nhập tương tự,Others,44353975000000.0,52559246000000.0,54464952000000.0,72590331000000.0,85667651000000.0,94363708000000.0,128996889000000.0,150453699000000.0
1,Tài sản sinh lãi,Interest Earning Assets,0.0,0.0,0.0,0.0,0.0,0.0,0.0,0.0
1,Công nợ phải trả lãi,Interest Bearing Liabilities,0.0,0.0,0.0,0.0,0.0,0.0,0.0,0.0
1,Quỹ của tổ chức tín dụng,Reserves,6156928000000.0,3867846000000.0,5172684000000.0,6789643000000.0,9155896000000.0,11608569000000.0,45028627000000.0,24787305000000.0
2,Quỹ dự trữ bổ sung vốn điều lệ,Supplement capital Reserves,3983752000000.0,892289000000.0,1332891000000.0,1872102000000.0,2664436000000.0,3444639000000.0,35308682000000.0,13098701000000.0
2,Quỹ dự phòng tài chính,Financial reserve Fund,2172702000000.0,2975083000000.0,3839319000000.0,4917067000000.0,6490986000000.0,8163456000000.0,9719471000000.0,11688130000000.0
2,Quỹ đầu tư phát triển,Investment and development Fund,0.0,0.0,0.0,0.0,0.0,0.0,0.0,0.0
2,Khác,Others Fund,474000000.0,474000000.0,474000000.0,474000000.0,474000000.0,474000000.0,474000000.0,474000000.0
1,Thu nhập lãi và các khoản thu nhập tương tự,Interest and seminal income,17594504000000.0,21413626000000.0,25016341000000.0,29001912000000.0,35503251000000.0,44752636000000.0,56707759000000.0,60089462000000.0
2,Thu nhập lãi cho vay khách hàng,Interest income from loans to customers,13366312000000.0,15460433000000.0,16727930000000.0,21590084000000.0,27259759000000.0,34247955000000.0,45857719000000.0,48504247000000.0
2,Thu nhập lãi tiền gửi,Interest income from deposits,332772000000.0,606159000000.0,720962000000.0,346650000000.0,266751000000.0,1409942000000.0,1873427000000.0,2725386000000.0
2,"Thu lãi từ kinh doanh, đầu tư chứng khoán nợ",Interest income from debt securities,3532332000000.0,4140607000000.0,6794537000000.0,6252814000000.0,7068841000000.0,7885156000000.0,7241734000000.0,6431312000000.0
2,Thu lãi từ chứng khoán kinh doanh,Interest income from trading securities,0.0,0.0,0.0,0.0,0.0,0.0,0.0,0.0
2,Thu lãi từ chứng khoán đầu tư,Interest income from investments securities,3532332000000.0,4140607000000.0,6794537000000.0,6252814000000.0,7068841000000.0,7885156000000.0,7241734000000.0,6431312000000.0
2,Thu nhập lãi cho thuê tài chính,Interest income from finance leases,0.0,0.0,0.0,0.0,0.0,0.0,0.0,0.0
2,Thu khác từ hoạt động tín dụng,Other Incomes from credit activities,363088000000.0,1206427000000.0,772912000000.0,812364000000.0,907900000000.0,1209583000000.0,1734879000000.0,2428517000000.0
1,Chi phí lãi và các chi phí tương tự,Interest and similar expenses,8664092000000.0,10023687000000.0,10758497000000.0,10250703000000.0,8804638000000.0,14462861000000.0,29016639000000.0,24581499000000.0
2,Trả lãi tiền gửi,Deposit interest expenses,7645664000000.0,8233723000000.0,9421181000000.0,8195501000000.0,6256038000000.0,9212164000000.0,18324288000000.0,13775447000000.0
2,Trả lãi tiền vay,Loan interest expenses,317362000000.0,436842000000.0,370407000000.0,599493000000.0,829396000000.0,3156518000000.0,7303748000000.0,5677639000000.0
2,Trả lãi phát hành trái phiếu và giấy tờ có giá,Interest expense for issuance of valuable papers,701066000000.0,1353122000000.0,966909000000.0,1419134000000.0,1635280000000.0,1897675000000.0,3136787000000.0,4794992000000.0
2,Chi phí khác cho hoạt động tín dụng,Expenses for other credit activities,0.0,0.0,0.0,36575000000.0,83924000000.0,196504000000.0,251816000000.0,333421000000.0
1,Lãi thuần từ hoạt động dịch vụ,Net Profit from services,3926084000000.0,3272580000000.0,3253353000000.0,4524940000000.0,6382240000000.0,8152605000000.0,8714897000000.0,8042248000000.0
2,Thu từ dịch vụ thanh toán,Income from Settlement services,1465532000000.0,1763054000000.0,2274253000000.0,2914167000000.0,3739055000000.0,6566746000000.0,9022626000000.0,8118354000000.0
2,Thu từ dịch vụ ngân quỹ,Income from Treasury activities,1355000000.0,2523000000.0,4566000000.0,2679000000.0,3055000000.0,287000000.0,274000000.0,190000000.0
2,Thu từ nghiệp vụ bảo lãnh,Income from Guarantee activities,374551000000.0,1160413000000.0,970323000000.0,1037650000000.0,860488000000.0,598252000000.0,359130000000.0,561259000000.0
2,Thu từ nghiệp vụ ủy thác và đại lý,Income from Agency services,1543389000000.0,212520000000.0,195282000000.0,553472000000.0,662083000000.0,710835000000.0,583047000000.0,617337000000.0
2,Thu từ hoạt động bảo hiểm,Income from Insurance activities,512882000000.0,722481000000.0,931882000000.0,827321000000.0,1558318000000.0,1750638000000.0,667334000000.0,605677000000.0
2,Thu từ dịch vụ môi giới,Income from Brokerage service,50676000000.0,118572000000.0,120524000000.0,210495000000.0,746828000000.0,753760000000.0,423435000000.0,544416000000.0
2,Thu khác,Income from Other services,571300000000.0,208754000000.0,387578000000.0,502659000000.0,669667000000.0,459819000000.0,322239000000.0,514409000000.0
2,Chi về dịch vụ thanh toán,Expenses on Settlement services,-277686000000.0,-517780000000.0,-1156493000000.0,-1336251000000.0,-1532395000000.0,-2402942000000.0,-2304495000000.0,-2559197000000.0
2,Chi về dịch vụ ngân quỹ,Expenses on Treasury activities,-53905000000.0,-58102000000.0,-65716000000.0,-68962000000.0,-71398000000.0,-74639000000.0,-61844000000.0,-62840000000.0
2,Chi về dịch vụ viễn thông,Expenses on Guarantee activities,0.0,0.0,0.0,0.0,0.0,0.0,0.0,0.0
2,Chi về nghiệp vụ ủy thác và đại lý,Expenses on Agency services,0.0,0.0,0.0,0.0,0.0,0.0,0.0,0.0
2,Chi từ hoạt động bảo hiểm,Expenses on Insurance activities,0.0,0.0,0.0,0.0,0.0,0.0,0.0,0.0
2,Chi từ dịch vụ môi giới,Expenses on Brokerage service,-11247000000.0,-30526000000.0,-11484000000.0,-38576000000.0,-166005000000.0,-154916000000.0,-183783000000.0,-259237000000.0
2,Chi khác,Expenses on Other services,-250763000000.0,-309329000000.0,-397362000000.0,-79714000000.0,-87456000000.0,-55235000000.0,-113066000000.0,-38120000000.0
1,Lãi thuần từ hoạt động kinh doanh ngoại hối,Net gain from gold trading and foreign currencies,278585000000.0,233751000000.0,104581000000.0,745000000.0,231416000000.0,-275063000000.0,195750000000.0,592556000000.0
2,Thu từ kinh doanh ngoại tệ giao ngay,Income from foreign exchange spot transactions,193142000000.0,1030351000000.0,1014049000000.0,1278966000000.0,339506000000.0,1329040000000.0,1133306000000.0,2632968000000.0
2,Thu từ các công cụ tài chính phái sinh tiền tệ,Income from derivative financial instruments,911886000000.0,848966000000.0,1321921000000.0,1404612000000.0,1203793000000.0,2490451000000.0,3477455000000.0,3556068000000.0
2,Thu từ giao dịch kinh doanh vàng,Income from gold trading,0.0,0.0,0.0,0.0,0.0,0.0,0.0,0.0
2,Lãi chênh lệch tỷ giá ngoại tệ kinh doanh,Gain from foreign currency revaluation,0.0,0.0,0.0,0.0,0.0,0.0,0.0,0.0
2,Chi về kinh doanh ngoại tệ giao ngay,Expenses for foreign exchange spot transactions,-244100000000.0,-154420000000.0,-642943000000.0,-1198056000000.0,-209406000000.0,-477916000000.0,-594974000000.0,-950518000000.0
2,Chi về các công cụ tài chính phái sinh tiền tệ,Expenses for derivative financial instruments,-582343000000.0,-1491146000000.0,-1588446000000.0,-1484777000000.0,-1102477000000.0,-3616638000000.0,-3820037000000.0,-4645962000000.0
2,Chi về giao dịch kinh doanh vàng,Expenses for gold trading,0.0,0.0,0.0,0.0,0.0,0.0,0.0,0.0
2,Lỗ chênh lệch tỷ giá ngoại tệ kinh doanh,Loss from foreign currency revaluation,0.0,0.0,0.0,0.0,0.0,0.0,0.0,0.0
1,Lãi thuần từ mua bán chứng khoán kinh doanh,Net gain from trading securities,396730000000.0,168433000000.0,397664000000.0,321397000000.0,152305000000.0,-241845000000.0,64620000000.0,81301000000.0
2,Thu nhập từ mua bán chứng khoán kinh doanh,Income from trading securities,539888000000.0,350135000000.0,592871000000.0,828500000000.0,567239000000.0,108741000000.0,131783000000.0,235365000000.0
2,Chi phí về mua bán chứng khoán kinh doanh,Expenses for trading securities,-137419000000.0,-187865000000.0,-194347000000.0,-507934000000.0,-413038000000.0,-354253000000.0,-67163000000.0,-153813000000.0
2,Hoàn nhập dự phòng giảm giá chứng khoán kinh doanh,Reversal of provision for impairment of trading securities,-5739000000.0,6163000000.0,-860000000.0,831000000.0,-1896000000.0,3667000000.0,0.0,-251000000.0
1,Lãi thuần từ mua bán chứng khoán đầu tư,Net gain from Investment securities,855760000000.0,756585000000.0,1243759000000.0,1496997000000.0,1804408000000.0,425553000000.0,925833000000.0,2359057000000.0
2,Thu nhập từ mua bán chứng khoán đầu tư,Income from trading investment securities,1165122000000.0,1303955000000.0,1526258000000.0,2563876000000.0,2639664000000.0,927729000000.0,2551469000000.0,3392047000000.0
2,Lãi từ thanh lý các khoản đầu tư dài hạn khác,Gain from realization of other long-term investment,0.0,0.0,0.0,0.0,0.0,0.0,0.0,0.0
2,Chi phí về mua bán chứng khoán đầu tư,Expenses from trading investment securities,-210982000000.0,-389655000000.0,-325494000000.0,-986752000000.0,-512693000000.0,-828149000000.0,-1643334000000.0,-916137000000.0
2,Lỗ do thanh lý các khoản đầu tư dài hạn khác,Loss from realization of other long-term investment,0.0,0.0,0.0,0.0,0.0,0.0,0.0,0.0
2,Hoàn nhập dự phòng giảm giá chứng khoán đầu tư sẵn sàng để bán,Reversal of provision for impairment of available-for-sale securities,-98380000000.0,-169734000000.0,41381000000.0,-69631000000.0,-310833000000.0,348111000000.0,-1491000000.0,21265000000.0
2,Hoàn nhập dự phòng giảm giá chứng khoán đầu tư giữ đến ngày đáo hạn,Reversal of provision for impairment of held-to-maturity securities,0.0,12019000000.0,1614000000.0,-10496000000.0,-11730000000.0,-22138000000.0,19189000000.0,-138118000000.0
1,Lãi thuần từ hoạt động khác,Net profits from other activities,1714891000000.0,1633777000000.0,1806728000000.0,2279209000000.0,1803246000000.0,2167375000000.0,2434116000000.0,342711000000.0
2,Thu nhập từ các khoản cho vay đã xử lý bằng quỹ dự phòng rủi ro,Income from loans disbursed by the risk reserve fund,1116820000000.0,1422895000000.0,1080236000000.0,1259653000000.0,1121235000000.0,1311053000000.0,831790000000.0,1138200000000.0
2,Thu từ thanh lý tài sản cố định,Proceeds from disposals of fixed assets,0.0,0.0,0.0,0.0,0.0,0.0,0.0,1732136000000.0
2,Thu từ nghiệp vụ mua bán nợ,Proceeds from debt trading activities,0.0,0.0,0.0,0.0,0.0,0.0,0.0,0.0
2,Thu về nghiệp vụ tất toán Trái phiếu VAMC,Proceeds from liquidation of VAMC Bonds,424134000000.0,0.0,0.0,0.0,0.0,0.0,0.0,0.0
2,Thu nhập về các công cụ tài chính phái sinh khác,Proceeds from other derivative financial instruments,193008000000.0,1544089000000.0,3159510000000.0,3914316000000.0,2814928000000.0,2550299000000.0,2562614000000.0,5171634000000.0
2,Thu nhập khác,Other incomes,229463000000.0,180185000000.0,185333000000.0,286044000000.0,407568000000.0,638597000000.0,3065290000000.0,1282958000000.0
2,Chi phí cho nghiệp vụ hoán đổi lãi suất,Expenses for interest rate swap,0.0,0.0,0.0,0.0,0.0,0.0,0.0,0.0
2,Chi từ thanh lý tài sản,Payments for disposals of assets,0.0,0.0,0.0,0.0,0.0,0.0,0.0,-1235101000000.0
2,Chi về nghiệp vụ bán nợ,Payments for debt selling,0.0,0.0,0.0,0.0,0.0,0.0,0.0,0.0
2,Chi về các công cụ tài chính phái sinh khác,Expenses for other derivative financial instruments,-128764000000.0,-1228491000000.0,-2493050000000.0,-2908170000000.0,-2081690000000.0,-2087707000000.0,-2335914000000.0,-5436100000000.0
2,Chi công tác xã hội,Spending on Social Works,0.0,0.0,0.0,-75515000000.0,-316337000000.0,-57156000000.0,0.0,0.0
2,Chi phí khác,Other Expenses,-119770000000.0,-284901000000.0,-125301000000.0,-197119000000.0,-142458000000.0,-187711000000.0,-1689664000000.0,-2311016000000.0
1,Chi phí hoạt động,Operating expenses,4812465000000.0,5842507000000.0,7312509000000.0,8967357000000.0,11173395000000.0,13023129000000.0,13251796000000.0,15369735000000.0
2,"Chi nộp thuế và các khoản phí, lệ phí",Taxes and fees,77426000000.0,102603000000.0,113109000000.0,120749000000.0,146640000000.0,187371000000.0,243014000000.0,229715000000.0
2,Chi phí cho nhân viên,Staff costs,2594878000000.0,3239958000000.0,4261656000000.0,5151106000000.0,6356228000000.0,6515485000000.0,6573569000000.0,6894019000000.0
2,Chi lương và phụ cấp,Salary and allowances,2594878000000.0,3239958000000.0,4261656000000.0,5151106000000.0,6356228000000.0,6515485000000.0,6573569000000.0,6894019000000.0
2,Các khoản chi đóng góp theo lương,Social insurance and security,0.0,0.0,0.0,0.0,0.0,0.0,0.0,0.0
2,Chi trợ cấp,Staff subsidies,0.0,0.0,0.0,0.0,0.0,0.0,0.0,0.0
2,Chi công tác xã hội,Community activities,0.0,0.0,0.0,0.0,0.0,0.0,0.0,0.0
2,Chi khác,Others,0.0,0.0,0.0,0.0,0.0,0.0,0.0,0.0
2,Chi về tài sản,Asset expenses,993216000000.0,1020053000000.0,990530000000.0,1294866000000.0,1614414000000.0,2415899000000.0,3172030000000.0,3884925000000.0
2,Chi Khấu hao TSCĐ,Depreciation,281141000000.0,259603000000.0,254986000000.0,386763000000.0,608149000000.0,757167000000.0,1215940000000.0,1581263000000.0
2,Chi khác về tài sản,Other asset payment,712075000000.0,760450000000.0,735544000000.0,908103000000.0,1006265000000.0,1658732000000.0,1956090000000.0,2303662000000.0
2,Chi cho hoạt động quản lý công vụ,Payment for company affairs,619465000000.0,770133000000.0,1132043000000.0,1395439000000.0,1887318000000.0,2258273000000.0,1572318000000.0,2447030000000.0
2,"Chi nộp phí bảo hiểm, bảo toàn tiền gửi của khách hàng",Insurance and deposit insurance fees,166187000000.0,193813000000.0,228831000000.0,267524000000.0,313727000000.0,347127000000.0,422573000000.0,528077000000.0
2,Chi phí dự phòng giảm giá các khoản đầu tư dài hạn và dự phòng nợ khó đòi,Provision for diminution in long-term investment and bad debts,-2456000000.0,-3195000000.0,24276000000.0,11023000000.0,-24513000000.0,1404000000.0,555000000.0,3792000000.0
2,Chi dự phòng trợ cấp thôi việc,Severance allowance,0.0,0.0,0.0,0.0,0.0,0.0,0.0,0.0
2,Chi phí hoạt động khác,Other Operating expenses,363749000000.0,519142000000.0,562064000000.0,726650000000.0,879581000000.0,1297570000000.0,1267737000000.0,1382177000000.0
1,CAR,CAR,0.1268,0.143,0.1551,0.1608,0.1504,0.1518,0.1435,0.154
